productos,producto_id
Agave Grande,
Aguacate,
Ajolote,
Alacran,
Alebrije Pajaro,
Amanda Miguel,
Amlo,
Angry Tiki,
Bad Bunny,
Big Ben,
Bolsa Papas,
Bota Nueva,
Botas,
Botella Guitarra,
Botella Luchador,
Bowl 16 cm Terra,
Bowl Zorro Decorado,
Buda,
Buho,
Burro,
Buzo,
Caballo,
Caballo Litro,
Cactus,
Cactus Chico,
Calavera,
Camaleon,
Camaron,
Cantarito,
Cantarito Armero,
Cantinflas,
Cara Azteca,
Cara Tulum,
Caracola,
Caracola Litro,
Chabelo,
Chapulin Colorado,
Charolas Komos,
Chavo del 8,
Chico Che,
Cisne,
Cliclope,
Cola Sirena,
Cola Sirena Litro,
Columna,
Comal,
Copa,
Cristo Personalizado,
Cuauhtemoc Blanco,
Cubo Rubik,
Cuervo,
David Bisbal,
Diablo Skull,
Don Melito,
Donald Trump,
Dr Simi Nuevo,
Dr Simi Sin Piernas,
Dr. Simi,
El buki,
Estatua,
Fancy Monkey,
Fancy Pumba,
Fancy Tucan,
Flamingo,
French poodle,
Fresa,
Frida Khalo,
Gallo,
Gamba,
Gato,
Geisha,
Gloria Trevi,
Godzila,
Greg,
Guacamaya,
Happy Tiki,
Happy Tiki Litro,
Hot Spanish,
Jaguar,
Jaguar Nuevo,
Jarron Chocolate Abuelita,
Jarron Grande Dpaloma,
Jarron Mediano Dpaloma,
Jenny,
Jose Jose,
Juan Gabriel,
Juan Gabriel Nuevo,
Labial,
Lata Sardina,
Leon Marino,
Licorera Don Gonzalo,
Licorera Piedra,
Licorera Skull,
Licorera Tangente,
Liebre,
Liebre Gigante,
Lozeta Media Caña Redonda,
Lozeta Plana,
Lozeta Rectangular Vaciado,
Luchador #4,
Luis Mi,
Luis Miguel Sala,
Mango,
Mano Personalizada,
Manos,
Mini Bowl,
Monitas,
Mono,
Motoneta,
Muñeca inflable,
Novia Alejandra Olvera,
Novia Brenda Flores,
Novia Luchadora,
Novia Nicole,
Novio Brenda Flores,
Novio Luchador,
Novio Manuel,
Novio Nicole,
Novio Osvaldo,
Novio Personalizado Leslie,
Ocho,
Owl,
Padel,
Padme,
Papucho,
Paquita,
Paquita 2,
Patin,
Pato,
Payaso,
Peon,
Perico,
Perro 1,
Perro 2,
Perro Guarumo,
Personaje Mauricio,
Personalizado Alejandra Sanchez,
Personalizado Cumpleaños,
Personalizado Israel,
Pez Grande,
Pie,
Pingüino,
Piña Fuego,
Piñata,
Piñata Caballo Shot,
Piramide,
Plato Agave,
Plato Base 30 cm Cota,
Plato Femur,
Plato Mediterraneo,
Plato Palma,
Plato Postre Comprado,
Plato Postre Cota,
Plato Trinche 26 cm,
Proyecto Personalizado Anais,
Proyecto Personalizado Paulina,
Pulpo,
Quetzal,
Rey Pez,
Robot,
Sakes,
Sancho,
Sandia,
Santo,
Selena,
Serpiente,
Serpiente Chica,
Shakira,
Sirena,
Sol,
Soldado,
Sombrero,
Tapa Piña,
Taza Gigante,
Taza Mini,
Taza Raya 14 oz,
Tequilero,
Tequilero Entre Manos,
Tiburon,
Tiki Bear,
Tiki Face,
Toro 2,
Tortuga,
Tortuga De Mar,
Toto Ay Ay Ay,
Trajinera,
Triton,
Tronco,
Tucan Personalizado,
Tupac,
Vaso Foca,
Vaso Unicel,
Venus,
Vicente Nuevo,
Winglesio,
Yoda,
Zapata,
Zeus,
Zorro,
Zorro Conejo,